{
  "frequency": 27000000.0,
  "minima_t": [
    5.456e-07,
    5.836e-07,
    6.216e-07,
    6.596e-07,
    6.976e-07,
    7.352000000000001e-07,
    7.728e-07,
    8.104e-07,
    8.476e-07,
    8.852e-07,
    9.232e-07,
    9.608e-07,
    9.984e-07,
    1.0360000000000001e-06
  ],
  "minima": [
    -0.03778502050782591,
    -0.0536091903732029,
    -0.07334404923138077,
    -0.09692760297934408,
    -0.1215918222461743,
    -0.1405699424779593,
    -0.14606875890043358,
    -0.13518715261063674,
    -0.11222937515474905,
    -0.08511043516117847,
    -0.06025594504305711,
    -0.040331974618709666,
    -0.025427388639307057,
    -0.0148609155250055
  ],
  "maxima_t": [
    5.644e-07,
    6.024e-07,
    6.404e-07,
    6.784e-07,
    7.164e-07,
    7.54e-07,
    7.916000000000001e-07,
    8.292e-07,
    8.664000000000001e-07,
    9.044000000000001e-07,
    9.42e-07,
    9.796000000000001e-07,
    1.0172e-06
  ],
  "maxima": [
    0.045219419171674206,
    0.06294626290582499,
    0.0846888093169281,
    0.10943714662410008,
    0.13233595401315898,
    0.14535440777070804,
    0.14256070944470256,
    0.12472617441191255,
    0.0987121118579962,
    0.0721459883580419,
    0.04963546968345797,
    0.032292855138222956,
    0.019644750269494228
  ]
}