{
  "frequency": 36000000.0,
  "minima_t": [
    5.696e-07,
    5.984000000000001e-07,
    6.272e-07,
    6.56e-07,
    6.852e-07,
    7.140000000000001e-07,
    7.432e-07,
    7.72e-07,
    8.012000000000001e-07,
    8.3e-07,
    8.588e-07,
    8.876e-07,
    9.164e-07,
    9.452000000000001e-07,
    9.740000000000001e-07,
    1.0028e-06
  ],
  "minima": [
    -0.023881218383141396,
    -0.03430226400362285,
    -0.04728221492767881,
    -0.06243919356894172,
    -0.07864076021946408,
    -0.09343477674280068,
    -0.10367324322648255,
    -0.1068408450719139,
    -0.10185314728252284,
    -0.09048500949329984,
    -0.07544660093091454,
    -0.05974606194084578,
    -0.045326521933113206,
    -0.03303943069770661,
    -0.023145620288115114,
    -0.01561711444782557
  ],
  "maxima_t": [
    5.84e-07,
    6.128e-07,
    6.416e-07,
    6.708e-07,
    6.996e-07,
    7.284e-07,
    7.576000000000001e-07,
    7.864e-07,
    8.156000000000001e-07,
    8.444e-07,
    8.732000000000001e-07,
    9.02e-07,
    9.308e-07,
    9.596e-07,
    9.884e-07
  ],
  "maxima": [
    0.028770390112316763,
    0.04048059339742158,
    0.05464246843006172,
    0.07053057847133087,
    0.08640968265108329,
    0.09929226763417347,
    0.10628647793620719,
    0.1053034554715357,
    0.09683479572583244,
    0.08321927395186587,
    0.06752733526007729,
    0.052303355969193985,
    0.038891506142917254,
    0.027789513516237447,
    0.019096646861846048
  ]
}