{
  "frequency": 18000000.0,
  "minima_t": [
    3.812e-07,
    4.3800000000000003e-07,
    4.948e-07,
    5.516e-07,
    6.08e-07,
    6.644e-07,
    7.204e-07,
    7.760000000000001e-07,
    8.316e-07,
    8.872000000000001e-07,
    9.436000000000001e-07,
    1.0004e-06,
    1.0568e-06,
    1.1136e-06
  ],
  "minima": [
    -0.004598660666194534,
    -0.007164892131043101,
    -0.010556002156222589,
    -0.01499834686545256,
    -0.020702990929018752,
    -0.027315810160262827,
    -0.033122283466938005,
    -0.03590903998618642,
    -0.03443532664166615,
    -0.02962519698508665,
    -0.02346673101972018,
    -0.017672345536755063,
    -0.01283640021011434,
    -0.008954580262578057
  ],
  "maxima_t": [
    4.096e-07,
    4.664e-07,
    5.232e-07,
    5.800000000000001e-07,
    6.364000000000001e-07,
    6.924e-07,
    7.48e-07,
    8.036e-07,
    8.592000000000001e-07,
    9.152e-07,
    9.72e-07,
    1.0284e-06,
    1.0852e-06
  ],
  "maxima": [
    0.005782692829821799,
    0.00874729298180852,
    0.012629849878304502,
    0.017685902530601295,
    0.023978953059275717,
    0.03046001136285572,
    0.03502070950059643,
    0.035691863155731376,
    0.032333899091111104,
    0.02657596388578736,
    0.020466479481550837,
    0.015124864045493238,
    0.0107861628406552
  ]
}