{
  "frequency": 25000000.0,
  "minima_t": [
    4.868e-07,
    5.276e-07,
    5.688000000000001e-07,
    6.1e-07,
    6.512e-07,
    6.92e-07,
    7.328e-07,
    7.736e-07,
    8.144e-07,
    8.552e-07,
    8.964e-07,
    9.380000000000001e-07,
    9.792e-07,
    1.0204e-06
  ],
  "minima": [
    -0.02890943108569919,
    -0.04209334506995892,
    -0.05853319517969886,
    -0.07841901032717093,
    -0.10103934741299272,
    -0.12351201455292499,
    -0.1396322640200941,
    -0.1429816284065627,
    -0.131645059804898,
    -0.11036678724513457,
    -0.0868543701868448,
    -0.06625864011026386,
    -0.04955864385025368,
    -0.035925472626031255
  ],
  "maxima_t": [
    4.66e-07,
    5.072e-07,
    5.484e-07,
    5.892e-07,
    6.304e-07,
    6.716000000000001e-07,
    7.124e-07,
    7.532e-07,
    7.94e-07,
    8.348e-07,
    8.760000000000001e-07,
    9.172e-07,
    9.584e-07,
    1e-06,
    1.0412e-06
  ],
  "maxima": [
    0.023471425981178615,
    0.03511898551115557,
    0.04986137731381068,
    0.06804625306094611,
    0.08950112314001299,
    0.11263604469944216,
    0.1328116839633151,
    0.14318532322142724,
    0.13898494369103725,
    0.12177802084091109,
    0.09850023359843034,
    0.07606351594631823,
    0.05745150094357414,
    0.042386804519618244,
    0.03011323020737957
  ]
}