{
  "frequency": 33000000.0,
  "minima_t": [
    5.544e-07,
    5.856000000000001e-07,
    6.168000000000001e-07,
    6.48e-07,
    6.792e-07,
    7.104e-07,
    7.412e-07,
    7.724e-07,
    8.036e-07,
    8.348e-07,
    8.66e-07,
    8.968e-07,
    9.28e-07,
    9.592e-07
  ],
  "minima": [
    -0.041008050079923516,
    -0.058997873329638455,
    -0.08128711461017347,
    -0.10716106081052869,
    -0.13445812950061414,
    -0.15910404591569394,
    -0.17590333404964384,
    -0.1800746974158751,
    -0.1700103072742119,
    -0.14839387750205296,
    -0.12064511565398549,
    -0.09231766686002568,
    -0.06709778839234778,
    -0.04654966163613021
  ],
  "maxima_t": [
    5.388e-07,
    5.7e-07,
    6.012000000000001e-07,
    6.324e-07,
    6.636e-07,
    6.948e-07,
    7.256e-07,
    7.568e-07,
    7.88e-07,
    8.192e-07,
    8.504e-07,
    8.816000000000001e-07,
    9.124e-07,
    9.436000000000001e-07,
    9.748e-07
  ],
  "maxima": [
    0.03363279505465061,
    0.04945605298038679,
    0.06962498902350187,
    0.09386841456919708,
    0.12084159520694551,
    0.1474354399143383,
    0.1688080548254965,
    0.17977176598540429,
    0.1767466585646585,
    0.16034097495790273,
    0.13491361562031837,
    0.106257448982366,
    0.07918185687069912,
    0.05620253743703775,
    0.03813271130658012
  ]
}