{
  "frequency": 24000000.0,
  "minima_t": [
    4.7400000000000004e-07,
    5.172e-07,
    5.604000000000001e-07,
    6.032e-07,
    6.464000000000001e-07,
    6.892e-07,
    7.316e-07,
    7.74e-07,
    8.164e-07,
    8.592000000000001e-07,
    9.02e-07,
    9.448e-07,
    9.876e-07,
    1.0304000000000001e-06
  ],
  "minima": [
    -0.027163620809350905,
    -0.040380248901044455,
    -0.0572442255466753,
    -0.0776828009343525,
    -0.10074256200526964,
    -0.1230434847844495,
    -0.1386935836649799,
    -0.1418288057239302,
    -0.131037840382139,
    -0.1108982378450165,
    -0.08793964399720311,
    -0.06663891709797942,
    -0.0483905520518602,
    -0.03345858367761811
  ],
  "maxima_t": [
    4.956000000000001e-07,
    5.388e-07,
    5.82e-07,
    6.248e-07,
    6.676000000000001e-07,
    7.104e-07,
    7.528e-07,
    7.952e-07,
    8.380000000000001e-07,
    8.804000000000001e-07,
    9.236e-07,
    9.664e-07,
    1.0092e-06
  ],
  "maxima": [
    0.03331349603774942,
    0.0483554260264699,
    0.0670413395292481,
    0.08903824537008327,
    0.11230661300079206,
    0.1321295053072082,
    0.14206068772337357,
    0.13800737440446448,
    0.12169927214756968,
    0.09938193443510841,
    0.07691468332921167,
    0.057107965706313546,
    0.04050260067872494
  ]
}