{
  "frequency": 15000000.0,
  "minima_t": [
    3.016e-07,
    3.6960000000000003e-07,
    4.376e-07,
    5.056e-07,
    5.736e-07,
    6.412e-07,
    7.08e-07,
    7.744e-07,
    8.408000000000001e-07,
    9.072000000000001e-07,
    9.744e-07,
    1.0424e-06,
    1.1104e-06,
    1.1784e-06
  ],
  "minima": [
    -0.0014224617312148919,
    -0.0021692004157146585,
    -0.003143250873917653,
    -0.00437074366637054,
    -0.005875065195535819,
    -0.007578088546188202,
    -0.009029454979723187,
    -0.009716222981493636,
    -0.009248184709804284,
    -0.007888737333116177,
    -0.006147927492076645,
    -0.004556649202653226,
    -0.003274483377841232,
    -0.0022715268866466696
  ],
  "maxima_t": [
    3.356e-07,
    4.0360000000000004e-07,
    4.716e-07,
    5.396e-07,
    6.076e-07,
    6.744000000000001e-07,
    7.412e-07,
    8.076e-07,
    8.74e-07,
    9.408000000000001e-07,
    1.0084e-06,
    1.0764e-06,
    1.1444e-06
  ],
  "maxima": [
    0.0017671699824797606,
    0.0026284438692301664,
    0.0037225547817610633,
    0.005087456823418638,
    0.006723094241223861,
    0.008368414094373645,
    0.009502529045106678,
    0.009622246657748256,
    0.008650582889465476,
    0.007029840428293371,
    0.005315303277790085,
    0.0038769059126064526,
    0.002743389589411549
  ]
}