{
  "frequency": 6000000.0,
  "minima_t": [
    -2.98e-07,
    -1.268e-07,
    4.4800000000000004e-08,
    2.164e-07,
    3.876e-07,
    5.588000000000001e-07,
    7.288e-07,
    8.988000000000001e-07,
    1.0688e-06,
    1.2396e-06,
    1.4108000000000001e-06,
    1.582e-06,
    1.7536e-06,
    1.9244e-06
  ],
  "minima": [
    -4.5588043628091196e-06,
    -6.744755149308821e-06,
    -9.537061934995993e-06,
    -1.2970078756778271e-05,
    -1.6836613505063716e-05,
    -2.0470871563256667e-05,
    -2.2735454781461325e-05,
    -2.2417284321044785e-05,
    -1.951943015489154e-05,
    -1.5561105459201737e-05,
    -1.1724219796993382e-05,
    -8.472208718940038e-06,
    -5.8836947191572145e-06,
    -3.864761034461545e-06
  ],
  "maxima_t": [
    -2.124e-07,
    -4.08e-08,
    1.304e-07,
    3.0200000000000003e-07,
    4.7320000000000003e-07,
    6.44e-07,
    8.140000000000001e-07,
    9.836e-07,
    1.154e-06,
    1.3252e-06,
    1.4964e-06,
    1.6676000000000001e-06,
    1.8388e-06
  ],
  "maxima": [
    5.581998558255524e-06,
    8.059337450401772e-06,
    1.1178145706926e-05,
    1.4878639294676816e-05,
    1.8743631216739617e-05,
    2.1861506363869386e-05,
    2.2947627230161753e-05,
    2.120863482800997e-05,
    1.757987098533278e-05,
    1.3585511605536369e-05,
    1.0014728772436445e-05,
    7.096994907289417e-06,
    4.8086695783777655e-06
  ]
}