{
  "frequency": 30000000.0,
  "minima_t": [
    5.692e-07,
    6.032e-07,
    6.372e-07,
    6.712e-07,
    7.052e-07,
    7.388e-07,
    7.728e-07,
    8.068e-07,
    8.404e-07,
    8.744e-07,
    9.084000000000001e-07,
    9.428e-07,
    9.768000000000001e-07,
    1.0108000000000001e-06
  ],
  "minima": [
    -0.04533054944074523,
    -0.06610539442956082,
    -0.09216547923828372,
    -0.1223103855503521,
    -0.15228562622931835,
    -0.17491750190648966,
    -0.18335054739713114,
    -0.1746954442309896,
    -0.15280411937837862,
    -0.12440838246356822,
    -0.09593588874315753,
    -0.07094593810030383,
    -0.05040085788944781,
    -0.034250445508838503
  ],
  "maxima_t": [
    5.86e-07,
    6.204e-07,
    6.544e-07,
    6.88e-07,
    7.22e-07,
    7.56e-07,
    7.896e-07,
    8.236e-07,
    8.576000000000001e-07,
    8.916000000000001e-07,
    9.256000000000001e-07,
    9.596e-07,
    9.940000000000001e-07
  ],
  "maxima": [
    0.05501900764871866,
    0.07847568997709517,
    0.1068770857706641,
    0.13764939868917891,
    0.16504925178531055,
    0.1812034115801509,
    0.18108941583849486,
    0.1650845239317115,
    0.1389389297951075,
    0.10989335932624067,
    0.08293387693547524,
    0.06009843822560229,
    0.041783502393827124
  ]
}