{
  "frequency": 12000000.0,
  "minima_t": [
    1.8800000000000002e-07,
    2.728e-07,
    3.576e-07,
    4.424e-07,
    5.268e-07,
    6.1e-07,
    6.928000000000001e-07,
    7.744e-07,
    8.564000000000001e-07,
    9.384e-07,
    1.0216e-06,
    1.106e-06,
    1.1904e-06,
    1.2748e-06
  ],
  "minima": [
    -0.00019552568508393058,
    -0.0002887955741593202,
    -0.0004045897196983429,
    -0.0005482286165788492,
    -0.0007214320366923912,
    -0.0009065358056689228,
    -0.0010364875237672154,
    -0.001063715694138708,
    -0.0009557671514402032,
    -0.0007718178014394625,
    -0.0005694407432864563,
    -0.00040776583317573206,
    -0.00028948051495187265,
    -0.00020122605544453402
  ],
  "maxima_t": [
    2.304e-07,
    3.152e-07,
    4.0000000000000003e-07,
    4.848e-07,
    5.688000000000001e-07,
    6.516e-07,
    7.336000000000001e-07,
    8.152e-07,
    8.972000000000001e-07,
    9.8e-07,
    1.0636e-06,
    1.148e-06,
    1.2324e-06
  ],
  "maxima": [
    0.00023927632999366381,
    0.0003440043114536617,
    0.0004725368059462006,
    0.0006312456588200199,
    0.0008169567176556634,
    0.0009819169789682285,
    0.0010655027299212492,
    0.0010238035720167107,
    0.0008693549164726411,
    0.0006697719522825863,
    0.00048175856061857196,
    0.00034417583155852517,
    0.00024268515841617267
  ]
}