{
  "frequency": 21000000.0,
  "minima_t": [
    4.384e-07,
    4.872e-07,
    5.356e-07,
    5.84e-07,
    6.32e-07,
    6.800000000000001e-07,
    7.280000000000001e-07,
    7.760000000000001e-07,
    8.236e-07,
    8.720000000000001e-07,
    9.200000000000001e-07,
    9.688e-07,
    1.0172e-06,
    1.066e-06
  ],
  "minima": [
    -0.020174119071767978,
    -0.029666439034588245,
    -0.04177575763102455,
    -0.05650481003920072,
    -0.07299056595302449,
    -0.08872882004802109,
    -0.09964712379802133,
    -0.10202565233907189,
    -0.09490708238427631,
    -0.08098944925204712,
    -0.06447564684370619,
    -0.04883452711001806,
    -0.035506066214762086,
    -0.024740529765809836
  ],
  "maxima_t": [
    4.6280000000000004e-07,
    5.112e-07,
    5.596e-07,
    6.08e-07,
    6.56e-07,
    7.040000000000001e-07,
    7.520000000000001e-07,
    7.996e-07,
    8.476e-07,
    8.960000000000001e-07,
    9.444e-07,
    9.932e-07,
    1.0416000000000001e-06
  ],
  "maxima": [
    0.024607792920610216,
    0.03538899397317052,
    0.04884742167966566,
    0.06464079592803948,
    0.08118882140371976,
    0.09505464081673545,
    0.10206490076910572,
    0.09954328860295021,
    0.08853881763312346,
    0.07280962321015497,
    0.056429095090466216,
    0.04183461875272562,
    0.029811199167741984
  ]
}