{
  "frequency": 9000000.0,
  "minima_t": [
    -1.216e-07,
    -7.2e-09,
    1.0720000000000001e-07,
    2.212e-07,
    3.3520000000000004e-07,
    4.488e-07,
    5.616e-07,
    6.736e-07,
    7.844000000000001e-07,
    8.952e-07,
    1.0056e-06,
    1.1192e-06
  ],
  "minima": [
    -1.0822922989611304e-05,
    -1.6269136617574932e-05,
    -2.3416862004351024e-05,
    -3.176450295684416e-05,
    -4.098223054583782e-05,
    -4.934025908427141e-05,
    -5.4638469857651146e-05,
    -5.469749607099481e-05,
    -4.878631179483438e-05,
    -3.7626119983503054e-05,
    -2.602709686245109e-05,
    -1.6272153548953117e-05
  ],
  "maxima_t": [
    -1.788e-07,
    -6.440000000000001e-08,
    5.0000000000000004e-08,
    1.64e-07,
    2.784e-07,
    3.92e-07,
    5.052e-07,
    6.176e-07,
    7.292e-07,
    8.396000000000001e-07,
    9.504e-07,
    1.0616000000000001e-06,
    1.176e-06
  ],
  "maxima": [
    8.669833339954518e-06,
    1.3337832194178567e-05,
    1.964699528721174e-05,
    2.7424536981617016e-05,
    3.6338257811997035e-05,
    4.5413651448588996e-05,
    5.2670102733460616e-05,
    5.5332214634577816e-05,
    5.261227510049671e-05,
    4.3287655222658323e-05,
    3.181258929833318e-05,
    2.0593479161303223e-05,
    1.330740687996735e-05
  ]
}