{
  "frequency": 42000000.0,
  "minima_t": [
    5.98e-07,
    6.22e-07,
    6.46e-07,
    6.704000000000001e-07,
    6.956000000000001e-07,
    7.208e-07,
    7.46e-07,
    7.716000000000001e-07,
    7.968e-07,
    8.224000000000001e-07,
    8.476e-07,
    8.724e-07,
    8.968e-07,
    9.204e-07
  ],
  "minima": [
    -0.000847074122715519,
    -0.0012352143865174137,
    -0.001927252644519988,
    -0.003192621890478548,
    -0.005091609498034767,
    -0.007241068042482557,
    -0.008913435104026833,
    -0.009365579327891659,
    -0.00834859250585189,
    -0.0063621242451823955,
    -0.004166200885116888,
    -0.0023995204777660815,
    -0.0013101128408723464,
    -0.0007910723064801697
  ],
  "maxima_t": [
    6.1e-07,
    6.34e-07,
    6.584e-07,
    6.828e-07,
    7.08e-07,
    7.332e-07,
    7.588e-07,
    7.844000000000001e-07,
    8.096e-07,
    8.352000000000001e-07,
    8.6e-07,
    8.848e-07,
    9.088e-07
  ],
  "maxima": [
    0.0010188354824585534,
    0.0015260378719603334,
    0.002477970454627382,
    0.004075576586327508,
    0.006178223014091058,
    0.008184110100887645,
    0.009326240407457428,
    0.00902379919842332,
    0.007432110323059201,
    0.005239339367716802,
    0.003202367260033952,
    0.00177142329080555,
    0.0009947052102799556
  ]
}