{
  "frequency": 33000000.0,
  "correlation": {
    "minima_t": [
      4.1073e-07,
      4.43191e-07,
      4.81419e-07,
      5.14344e-07,
      5.45509e-07,
      5.76307e-07,
      6.06971e-07,
      6.37576e-07,
      6.68159e-07,
      6.98746e-07,
      7.29364e-07,
      7.60067e-07,
      7.90988e-07,
      8.2275e-07,
      8.60998e-07,
      8.9482e-07
    ],
    "minima": [
      -0.007611133612,
      -0.0063629804,
      -0.008113942754,
      -0.019633111579,
      -0.035024310127,
      -0.051257781099,
      -0.065169803931,
      -0.073803623296,
      -0.075210438697,
      -0.069058676431,
      -0.05673159926,
      -0.040896376454,
      -0.024729494215,
      -0.011210244965,
      -0.005403255377,
      -0.007469674404
    ],
    "maxima_t": [
      3.95033e-07,
      4.26649e-07,
      4.6182e-07,
      4.98353e-07,
      5.30003e-07,
      5.60933e-07,
      5.9165e-07,
      6.22278e-07,
      6.52869e-07,
      6.8345e-07,
      7.14049e-07,
      7.447e-07,
      7.75484e-07,
      8.06663e-07,
      8.40261e-07,
      8.78661e-07,
      9.10568e-07
    ],
    "maxima": [
      0.007399930606,
      0.007253700257,
      0.005743619835,
      0.01316712398,
      0.027037235591,
      0.043228108985,
      0.058700678996,
      0.070301232585,
      0.075473091701,
      0.073029738156,
      0.063521523085,
      0.049056946899,
      0.03265936679,
      0.017462194482,
      0.006560808793,
      0.006580286259,
      0.007719214577
    ]
  },
  "filename_waweform": "/Users/ross/GitHub/sonicPy/resources/4000psi/4000psi-300K_+33MHz_011.csv",
  "echo_bounds": [
    [
      4.788278096983322e-06,
      4.9082780969833225e-06
    ],
    [
      5.444931420182268e-06,
      5.564931420182269e-06
    ]
  ],
  "filter": {
    "tukey_alpha": 0.2
  },
  "wave_type": "P"
}