{
  "frequency": 39000000.0,
  "minima_t": [
    5.82e-07,
    6.088e-07,
    6.36e-07,
    6.628e-07,
    6.900000000000001e-07,
    7.172e-07,
    7.444e-07,
    7.72e-07,
    7.992e-07,
    8.264e-07,
    8.536000000000001e-07,
    8.812e-07,
    9.084000000000001e-07,
    9.356e-07
  ],
  "minima": [
    -0.0059037636213665695,
    -0.008829381331657917,
    -0.0127826363169183,
    -0.01787607206508731,
    -0.023790604166601736,
    -0.02958665162739444,
    -0.033793580025672454,
    -0.03510803440303428,
    -0.03303510707467129,
    -0.028357688553362955,
    -0.02253119565879028,
    -0.01688542460200121,
    -0.012125374118070128,
    -0.008449632345970758
  ],
  "maxima_t": [
    5.688000000000001e-07,
    5.952e-07,
    6.224000000000001e-07,
    6.492000000000001e-07,
    6.764e-07,
    7.036e-07,
    7.308000000000001e-07,
    7.584e-07,
    7.856e-07,
    8.128000000000001e-07,
    8.4e-07,
    8.676000000000001e-07,
    8.948e-07,
    9.22e-07,
    9.492000000000001e-07
  ],
  "maxima": [
    0.00476746753892877,
    0.007240390164986666,
    0.010670457088896253,
    0.015195661331093804,
    0.020772660636041343,
    0.026788310349074397,
    0.031986672380790365,
    0.03487191340922105,
    0.034472534359416426,
    0.03093616342770192,
    0.025494756475325682,
    0.019626956868639155,
    0.014372956993332419,
    0.010153386825334055,
    0.006995061239930258
  ]
}