{
  "frequency": 27000000.0,
  "correlation": {
    "minima_t": [
      3.54013e-07,
      3.90286e-07,
      4.25073e-07,
      4.54012e-07,
      4.86465e-07,
      5.22351e-07,
      5.58861e-07,
      5.9555e-07,
      6.32308e-07,
      6.69093e-07,
      7.05888e-07,
      7.42675e-07,
      7.79427e-07,
      8.16075e-07,
      8.52366e-07,
      8.86517e-07,
      9.13802e-07,
      9.47783e-07
    ],
    "minima": [
      -0.008038625093,
      -0.007952816086,
      -0.004736024123,
      -0.003047251417,
      -0.012560543677,
      -0.027990570924,
      -0.045957574984,
      -0.063092984935,
      -0.07578312024,
      -0.081112244854,
      -0.077805946745,
      -0.066650619323,
      -0.050227872565,
      -0.03206978405,
      -0.015635750537,
      -0.003873287393,
      -0.003099890715,
      -0.007276694876
    ],
    "maxima_t": [
      3.35744e-07,
      3.72217e-07,
      4.08055e-07,
      4.40289e-07,
      4.69374e-07,
      5.04265e-07,
      5.4057e-07,
      5.77193e-07,
      6.13924e-07,
      6.50698e-07,
      6.8749e-07,
      7.24283e-07,
      7.61058e-07,
      7.97772e-07,
      8.34301e-07,
      8.70036e-07,
      9.00245e-07,
      9.3015e-07,
      9.65844e-07
    ],
    "maxima": [
      0.00721637661,
      0.008344195962,
      0.006733510597,
      0.002728048398,
      0.006737275341,
      0.01977382403,
      0.036853317608,
      0.054860910766,
      0.070205556488,
      0.079493945525,
      0.080538005329,
      0.073082417049,
      0.058885956022,
      0.041136680453,
      0.023447328186,
      0.00896398441,
      0.001615773194,
      0.005537303807,
      0.008112744933
    ]
  },
  "filename_waweform": "/Users/ross/GitHub/sonicPy/resources/4000psi/4000psi-300K_+27MHz_009.csv",
  "echo_bounds": [
    [
      4.788278096983322e-06,
      4.9082780969833225e-06
    ],
    [
      5.457590332151704e-06,
      5.577590332151704e-06
    ]
  ],
  "filter": {
    "tukey_alpha": 0.2
  },
  "wave_type": "P"
}