{
  "frequency": 30000000.0,
  "correlation": {
    "minima_t": [
      3.85482e-07,
      4.18893e-07,
      4.52398e-07,
      4.68806e-07,
      5.02236e-07,
      5.35576e-07,
      5.68898e-07,
      6.02207e-07,
      6.35508e-07,
      6.68805e-07,
      7.02101e-07,
      7.35401e-07,
      7.68708e-07,
      8.02022e-07,
      8.35341e-07,
      8.68396e-07,
      8.85452e-07,
      9.18779e-07
    ],
    "minima": [
      -0.009857813158,
      -0.008490393747,
      -0.002187306592,
      -0.003186050654,
      -0.018398610098,
      -0.038385321128,
      -0.060264102489,
      -0.079993668185,
      -0.093407298452,
      -0.0974537388,
      -0.091183232897,
      -0.076065052057,
      -0.055497301305,
      -0.033723036792,
      -0.014598415942,
      -0.000659284942,
      -0.0040450015,
      -0.00914589301
    ],
    "maxima_t": [
      3.68764e-07,
      4.0219e-07,
      4.35601e-07,
      4.8555e-07,
      5.18909e-07,
      5.52239e-07,
      5.85554e-07,
      6.18859e-07,
      6.52157e-07,
      6.85453e-07,
      7.18751e-07,
      7.52053e-07,
      7.85364e-07,
      8.18682e-07,
      8.5199e-07,
      9.02101e-07,
      9.3547e-07
    ],
    "maxima": [
      0.009237950758,
      0.009688937373,
      0.006045865439,
      0.01007874754,
      0.027939605837,
      0.049322453647,
      0.070667009424,
      0.08771832729,
      0.096714664222,
      0.095567247519,
      0.084548454187,
      0.066199447975,
      0.044496653385,
      0.023632902874,
      0.006888200953,
      0.007268936997,
      0.009867788953
    ]
  },
  "filename_waweform": "/Users/ross/GitHub/sonicPy/resources/4000psi/4000psi-300K_+30MHz_010.csv",
  "echo_bounds": [
    [
      4.788278096983322e-06,
      4.9082780969833225e-06
    ],
    [
      5.457590332151704e-06,
      5.577590332151704e-06
    ]
  ],
  "filter": {
    "tukey_alpha": 0.2
  },
  "wave_type": "P"
}