{
  "frequency": 20000000.0,
  "minima_t": [
    -4.08e-08,
    1.04e-08,
    6.08e-08,
    1.096e-07,
    1.624e-07,
    2.036e-07,
    2.432e-07,
    2.876e-07,
    3.388e-07,
    3.876e-07,
    4.372e-07
  ],
  "minima": [
    -2.9085729816035432e-05,
    -3.5629688030289e-05,
    -4.208076486966507e-05,
    -4.21293757626215e-05,
    -7.33793184382905e-05,
    -0.00012589875244747116,
    -0.00010480780103034191,
    -4.241854512989751e-05,
    -2.850283525300818e-05,
    -2.1278077770629026e-05,
    -1.792298961291282e-05
  ],
  "maxima_t": [
    -6.56e-08,
    -1.48e-08,
    3.56e-08,
    8.520000000000001e-08,
    1.3800000000000002e-07,
    1.836e-07,
    2.2320000000000001e-07,
    2.644e-07,
    3.144e-07,
    3.628e-07,
    4.124e-07
  ],
  "maxima": [
    2.6769605395698267e-05,
    3.1934246620919314e-05,
    3.89967969504117e-05,
    4.429710842778161e-05,
    4.2895129188873664e-05,
    0.00010637990784258418,
    0.0001252732745186337,
    7.242653109212072e-05,
    3.1424985225366204e-05,
    2.455811250221217e-05,
    1.9093698547646903e-05
  ]
}