{
  "frequency": 20000000.0,
  "minima_t": [
    4.22e-07,
    4.728e-07,
    5.24e-07,
    5.748e-07,
    6.256e-07,
    6.760000000000001e-07,
    7.26e-07,
    7.760000000000001e-07,
    8.264e-07,
    8.768e-07,
    9.276e-07,
    9.784e-07,
    1.0296e-06,
    1.0808e-06
  ],
  "minima": [
    -0.01268831044045748,
    -0.01895608662637592,
    -0.027121433272303663,
    -0.03754120750043187,
    -0.050001928871457324,
    -0.06276437289198633,
    -0.0723298998637611,
    -0.0752528581260886,
    -0.07037249044924807,
    -0.059809209187587475,
    -0.04717757462892812,
    -0.03542323147303944,
    -0.025588599717519853,
    -0.017712216228162686
  ],
  "maxima_t": [
    4.476e-07,
    4.984000000000001e-07,
    5.492e-07,
    6e-07,
    6.508e-07,
    7.012000000000001e-07,
    7.512e-07,
    8.012000000000001e-07,
    8.516e-07,
    9.02e-07,
    9.528e-07,
    1.004e-06,
    1.0552e-06
  ],
  "maxima": [
    0.015600347068655877,
    0.022779987090896486,
    0.03203564219040884,
    0.043563557357168964,
    0.05654298934897731,
    0.06817542046290428,
    0.07479219395894632,
    0.07372623382623215,
    0.0655817894997636,
    0.05352692275074057,
    0.04108899051168835,
    0.030248466837112555,
    0.02141608452672681
  ]
}